id,source_id,publisher_id,period_id,score,data,schema,summary,run_id,timestamp,report
ec155a239cc34a489c5a29ffd6335e5c,6e2866de-b95a-46e0-95a7-c83ebf64f979,cabinet-office,1/4/2010,5,https://www.gov.uk/government/uploads/system/uploads/attachment_data/file/85792/Spend-Transactions-with-descriptions-CO-04-April-2010.csv_.csv,,,b3f02541171d466e97ef94660adca594,2015-05-18T20:03:37.023824+00:00,http://goodtables.okfnlabs.org
6bfe95dfb29d4430a68d45015ee9d55e,a52077d4-6a5d-49b5-a7e8-175cfc58cbda,cabinet-office,1/5/2010,9,https://www.gov.uk/government/uploads/system/uploads/attachment_data/file/85793/Spend-Transactions-with-descriptions-CO-1-11_May_2010.csv,,,b3f02541171d466e97ef94660adca594,2015-05-18T20:03:37.023824+00:00,http://goodtables.okfnlabs.org
8fa445f2cc6d48e6947874b2013a859c,ce547a3a-6de6-4e47-9009-9bfe31d5a6c7,cabinet-office,12/5/2010,9,https://www.gov.uk/government/uploads/system/uploads/attachment_data/file/85794/Spend-Transactions-with-descriptions-CO-05-May-2010-after-12th.csv,,,b3f02541171d466e97ef94660adca594,2015-05-18T20:03:37.023824+00:00,http://goodtables.okfnlabs.org
5258f25fd1814d9da542f61fa52c72a3,a9c06f23-3da5-47f0-8ed7-de1b30ed672f,cabinet-office,1/6/2010,9,https://www.gov.uk/government/uploads/system/uploads/attachment_data/file/85795/Spend-Transactions-with-descriptions-CO-06-Jun-2010.csv,,,b3f02541171d466e97ef94660adca594,2015-05-18T20:03:37.023824+00:00,http://goodtables.okfnlabs.org
6bd92dbf3788410f8557f68622b1cd79,a4e87de1-4ac9-4202-b1ea-98aca8014037,cabinet-office,1/7/2010,9,https://www.gov.uk/government/uploads/system/uploads/attachment_data/file/85796/Spend-Transactions-with-descriptions-CO-07-Jul-2010.csv,,,b3f02541171d466e97ef94660adca594,2015-05-18T20:03:37.023824+00:00,http://goodtables.okfnlabs.org
5f02435d85ad4c1fb204011538572fb0,122957db-ddec-4f49-86a1-358778661c4a,cabinet-office,1/8/2010,9,https://www.gov.uk/government/uploads/system/uploads/attachment_data/file/85797/Spend-Transactions-with-descriptions-CO-08-Aug-2010.csv,,,b3f02541171d466e97ef94660adca594,2015-05-18T20:03:37.023824+00:00,http://goodtables.okfnlabs.org
7dca20d31cd44a4c988c37ed698942c5,67746f29-55a6-4ef2-9d32-f47075a9517f,cabinet-office,1/9/2010,9,https://www.gov.uk/government/uploads/system/uploads/attachment_data/file/85798/Spend-Transactions-with-descriptions-CO-09-Sep-2010.csv,,,b3f02541171d466e97ef94660adca594,2015-05-18T20:03:37.023824+00:00,http://goodtables.okfnlabs.org
1aed166851d440d0b7fc95d0ae95e552,319a39e0-8993-4be0-a826-404fb9638ac7,cabinet-office,1/10/2010,0,https://www.gov.uk/government/uploads/system/uploads/attachment_data/file/85799/co-spend-data-oct2010.csv,,,b3f02541171d466e97ef94660adca594,2015-05-18T20:03:37.023824+00:00,http://goodtables.okfnlabs.org
89bd950b3dd4453fa60555a8510e27a6,fd559e2b-446a-4721-b234-23f7d959f6ca,cabinet-office,1/11/2010,3,https://www.gov.uk/government/uploads/system/uploads/attachment_data/file/85800/co-spend-data-nov2010.csv,,,b3f02541171d466e97ef94660adca594,2015-05-18T20:03:37.023824+00:00,http://goodtables.okfnlabs.org
0fbd01d8b959492e885125868c934ac5,b418f85c-92b6-4682-ba2c-f34a75a0a5bc,cabinet-office,1/12/2010,0,https://www.gov.uk/government/uploads/system/uploads/attachment_data/file/85801/Spend-Transactions-with-descriptions-CO-10-Dec-2010.csv,,,b3f02541171d466e97ef94660adca594,2015-05-18T20:03:37.023824+00:00,http://goodtables.okfnlabs.org
1f2af2af696247ad9b6d1d5e4e3d4447,2b39cf80-dd3e-4787-bc72-4f23885c227f,cabinet-office,1/1/2011,9,https://www.gov.uk/government/uploads/system/uploads/attachment_data/file/85802/spend-transactions-with-descriptions-co-jan-2011.csv,,,b3f02541171d466e97ef94660adca594,2015-05-18T20:03:37.023824+00:00,http://goodtables.okfnlabs.org
da5a85e58abf4ebc8754bacaf91258b9,8a707560-f1f0-4737-a2d4-243835cae7b8,cabinet-office,1/2/2011,9,https://www.gov.uk/government/uploads/system/uploads/attachment_data/file/85803/spend-transactions-with-descriptions-co-feb-2011.csv,,,b3f02541171d466e97ef94660adca594,2015-05-18T20:03:37.023824+00:00,http://goodtables.okfnlabs.org
9915e2d5dead4748bce5a2eb119aa57e,fe1dd9b8-2937-452a-ae17-77694296c702,cabinet-office,1/4/2011,0,https://www.gov.uk/government/uploads/system/uploads/attachment_data/file/85805/spend-transactions-with-descriptions-co-april-2011.csv,,,b3f02541171d466e97ef94660adca594,2015-05-18T20:03:37.023824+00:00,http://goodtables.okfnlabs.org
5e74869b52b947e4a480ad9baad8b241,1cdaea6e-9dc9-4943-af26-0d59a5405b4f,cabinet-office,1/5/2011,9,https://www.gov.uk/government/uploads/system/uploads/attachment_data/file/85806/spend-transactions-with-descriptions-co-may-2011.csv,,,b3f02541171d466e97ef94660adca594,2015-05-18T20:03:37.023824+00:00,http://goodtables.okfnlabs.org
38f8a794e7db42d5948f823765251fd4,56ac8afb-57c7-447e-8438-e3616778aefd,cabinet-office,1/6/2011,9,https://www.gov.uk/government/uploads/system/uploads/attachment_data/file/85807/spend-transactions-with-descriptions-co-june-2011.csv,,,b3f02541171d466e97ef94660adca594,2015-05-18T20:03:37.023824+00:00,http://goodtables.okfnlabs.org
e9cba417ebe2441088506705f682c261,13ed87ac-995f-4fdd-8140-fe5b226fed87,cabinet-office,1/7/2011,9,https://www.gov.uk/government/uploads/system/uploads/attachment_data/file/85808/Annex-B-CO-July-Transparency-data.csv,,,b3f02541171d466e97ef94660adca594,2015-05-18T20:03:37.023824+00:00,http://goodtables.okfnlabs.org
0f874b930e814c67bd81df074f026118,47bbd1d9-7a57-4485-a56f-9696edee0621,cabinet-office,1/8/2011,9,https://www.gov.uk/government/uploads/system/uploads/attachment_data/file/85809/spend-transactions-with-descriptions-co-august.csv,,,b3f02541171d466e97ef94660adca594,2015-05-18T20:03:37.023824+00:00,http://goodtables.okfnlabs.org
91739ac8990142978f9a56ea6cf5b540,bc779cdf-6296-43a3-8902-dff516fc36d9,cabinet-office,1/9/2011,9,https://www.gov.uk/government/uploads/system/uploads/attachment_data/file/85810/Annex-B-CO-Complete-September-2011.csv,,,b3f02541171d466e97ef94660adca594,2015-05-18T20:03:37.023824+00:00,http://goodtables.okfnlabs.org
8b5d167c37fe4420988199c4592630c1,60b0dfac-1633-4f9f-b67e-0a46a5951e31,cabinet-office,1/10/2011,8,https://www.gov.uk/government/uploads/system/uploads/attachment_data/file/85811/CO-Complete-October-2011.csv,,,b3f02541171d466e97ef94660adca594,2015-05-18T20:03:37.023824+00:00,http://goodtables.okfnlabs.org
6d9b4721daa740aeb6dd8dd5d2e6d96c,bdd20336-105b-431f-940f-5da031268883,cabinet-office,1/11/2011,0,https://www.gov.uk/government/uploads/system/uploads/attachment_data/file/85812/CO-Complete-November-2011.csv,,,b3f02541171d466e97ef94660adca594,2015-05-18T20:03:37.023824+00:00,http://goodtables.okfnlabs.org
69b4c8f6b4dd4e5f9cef3ad3365f062a,fc78ebf3-be65-4748-99c5-79fbb4ca2347,cabinet-office,1/12/2011,0,https://www.gov.uk/government/uploads/system/uploads/attachment_data/file/85813/CO-Complete-December-2011.csv,,,b3f02541171d466e97ef94660adca594,2015-05-18T20:03:37.023824+00:00,http://goodtables.okfnlabs.org
19273b2187254f17ab7415e363a3f33f,2ea9f19a-8b03-4cd5-9f27-ee62eb90bf9d,cabinet-office,1/2/2012,0,https://www.gov.uk/government/uploads/system/uploads/attachment_data/file/85816/CO-February-2012-expenditure-over-25k.csv,,,b3f02541171d466e97ef94660adca594,2015-05-18T20:03:37.023824+00:00,http://goodtables.okfnlabs.org
6443112f098945af9313733768fc815b,7791ad67-9cf7-461f-8f70-514cfd6e3993,cabinet-office,1/3/2012,0,https://www.gov.uk/government/uploads/system/uploads/attachment_data/file/85818/CO-March-2012-expenditure-over-25k.csv,,,b3f02541171d466e97ef94660adca594,2015-05-18T20:03:37.023824+00:00,http://goodtables.okfnlabs.org
f87f98e2817c4f4f8a892d2c0c1c94c7,91cb522d-79e0-4e23-b9e5-e79ab39a762f,cabinet-office,1/4/2012,0,https://www.gov.uk/government/uploads/system/uploads/attachment_data/file/85820/CO-Transparency-data-April-2012.csv,,,b3f02541171d466e97ef94660adca594,2015-05-18T20:03:37.023824+00:00,http://goodtables.okfnlabs.org
fd0f6979bcdf43a4981b1236fdcae742,c9b17320-4c15-4b70-ad68-fb415ae8f38c,cabinet-office,1/6/2012,9,https://www.gov.uk/government/uploads/system/uploads/attachment_data/file/85824/CO-Transparency-data-June-2012.csv,,,b3f02541171d466e97ef94660adca594,2015-05-18T20:03:37.023824+00:00,http://goodtables.okfnlabs.org
bba1db9efb904dc197c0d59a39eb4031,5fc02b90-b4e9-4e8d-b0f9-9cb294f6dd5a,cabinet-office,1/7/2012,9,https://www.gov.uk/government/uploads/system/uploads/attachment_data/file/85825/CO-Transparency-data-July-2012.csv,,,b3f02541171d466e97ef94660adca594,2015-05-18T20:03:37.023824+00:00,http://goodtables.okfnlabs.org
4d39d78a16694fa68fc3d27c4428bbcd,9236ce0f-44c3-45a7-932c-4569b496e22c,cabinet-office,1/8/2012,9,https://www.gov.uk/government/uploads/system/uploads/attachment_data/file/85826/CO-Transparency-data-August-2012.csv,,,b3f02541171d466e97ef94660adca594,2015-05-18T20:03:37.023824+00:00,http://goodtables.okfnlabs.org
7bc39a86cc58498a98abcad624387ae6,b42866cc-bfab-4a7e-bd86-b686d38b7f01,cabinet-office,1/9/2012,0,https://www.gov.uk/government/uploads/system/uploads/attachment_data/file/85827/CO-Transparency-data-September-2012.csv,,,b3f02541171d466e97ef94660adca594,2015-05-18T20:03:37.023824+00:00,http://goodtables.okfnlabs.org
a74958db73e2412384d92d984ff0eae0,f34fd6eb-3f8c-4d06-9ffa-5644ce787b59,cabinet-office,1/10/2012,9,https://www.gov.uk/government/uploads/system/uploads/attachment_data/file/136100/October_2012__25k_Transparency_Data.csv,,,b3f02541171d466e97ef94660adca594,2015-05-18T20:03:37.023824+00:00,http://goodtables.okfnlabs.org
cf49e9a569a94c32acf6e3770dc20fe0,6a131dde-78b4-4411-9659-1ddf06be1b5a,cabinet-office,1/12/2012,7,https://www.gov.uk/government/uploads/system/uploads/attachment_data/file/211025/December_2012_Transparency_Data.csv,,,b3f02541171d466e97ef94660adca594,2015-05-18T20:03:37.023824+00:00,http://goodtables.okfnlabs.org
97de274cccd44edba1f4818c737ccdde,c4f7a880-92c3-47df-94ae-2a3f41bffdd3,cabinet-office,1/1/2013,0,https://www.gov.uk/government/uploads/system/uploads/attachment_data/file/136103/January_2013__25k_Transparency_Data.csv,,,b3f02541171d466e97ef94660adca594,2015-05-18T20:03:37.023824+00:00,http://goodtables.okfnlabs.org
64dae2266c344904b104d0ae1f8295b4,eed9cb47-80fc-479b-83b5-68bb97e16871,cabinet-office,1/2/2013,0,https://www.gov.uk/government/uploads/system/uploads/attachment_data/file/198067/February_2013__25k_transparency_data.csv,,,b3f02541171d466e97ef94660adca594,2015-05-18T20:03:37.023824+00:00,http://goodtables.okfnlabs.org
ea5f12322f7a4237bb1ebf1e093a9e1d,fec3fb55-d04e-4230-b168-b178e24ca5ed,cabinet-office,1/3/2013,0,https://www.gov.uk/government/uploads/system/uploads/attachment_data/file/198518/March_2013__25k_transparency_data.csv,,,b3f02541171d466e97ef94660adca594,2015-05-18T20:03:37.023824+00:00,http://goodtables.okfnlabs.org
36bb29e7f1bf42aaae96a7e7816637b3,29d0dece-af39-4b89-8862-a42c859c2715,cabinet-office,1/4/2013,0,https://www.gov.uk/government/uploads/system/uploads/attachment_data/file/210983/April-2013-25k-Transparency-Data.csv,,,b3f02541171d466e97ef94660adca594,2015-05-18T20:03:37.023824+00:00,http://goodtables.okfnlabs.org
159c0d37f7ad41a391458607063bd1ef,a14a6c45-a2fc-40ae-a9cb-55aae8a8c1d7,cabinet-office,1/6/2013,0,https://www.gov.uk/government/uploads/system/uploads/attachment_data/file/226005/June_2013__25k_Transparency_Data.csv,,,b3f02541171d466e97ef94660adca594,2015-05-18T20:03:37.023824+00:00,http://goodtables.okfnlabs.org
3c75a904d79d4906a78cb2a098be585e,58547c09-653f-4abd-8c45-f966c932a6ab,cabinet-office,1/7/2013,0,https://www.gov.uk/government/uploads/system/uploads/attachment_data/file/252892/July_2013__25k_Transparency_Data.csv,,,b3f02541171d466e97ef94660adca594,2015-05-18T20:03:37.023824+00:00,http://goodtables.okfnlabs.org
ac6cbbd11b0c47a596ef9ab6ba149c66,e9ee59d8-7598-4239-b233-404427a3a974,cabinet-office,1/8/2013,0,https://www.gov.uk/government/uploads/system/uploads/attachment_data/file/263521/August__25k_Transparency_Data.csv,,,b3f02541171d466e97ef94660adca594,2015-05-18T20:03:37.023824+00:00,http://goodtables.okfnlabs.org
9e9a7ac9473a41658d34458b65afe1e9,38dfe05f-c3a2-4e9d-a9e1-1ba5de8086f4,cabinet-office,1/9/2013,0,https://www.gov.uk/government/uploads/system/uploads/attachment_data/file/269100/September-2013-25k-Transparency-Data.csv,,,b3f02541171d466e97ef94660adca594,2015-05-18T20:03:37.023824+00:00,http://goodtables.okfnlabs.org
395864eaf43a4d7e8a1d10163d05f3b2,ffe52151-8888-4035-9c82-ec5d33ac1eb0,cabinet-office,1/12/2013,0,https://www.gov.uk/government/uploads/system/uploads/attachment_data/file/299476/December_2013__25k_Transparency_Data.csv,,,b3f02541171d466e97ef94660adca594,2015-05-18T20:03:37.023824+00:00,http://goodtables.okfnlabs.org
f04c9f2b15b04aff8b3d3339ce2da297,9fa0d87c-df96-4245-9ce4-c014fcbc2fad,cabinet-office,1/1/2014,9,https://www.gov.uk/government/uploads/system/uploads/attachment_data/file/307659/January_2014_25k_transparency_data.csv,,,b3f02541171d466e97ef94660adca594,2015-05-18T20:03:37.023824+00:00,http://goodtables.okfnlabs.org
c5a3cbc4e368446c8712eb5b7b08302c,62818a5b-ee53-4bb5-894f-e2334e18566d,cabinet-office,1/2/2014,7,https://www.gov.uk/government/uploads/system/uploads/attachment_data/file/307660/February_2014_25k_transparency_data.csv,,,b3f02541171d466e97ef94660adca594,2015-05-18T20:03:37.023824+00:00,http://goodtables.okfnlabs.org
9678c21e81a54d9e9f9a84eeecbab749,d666b392-de89-4c16-be6a-d3252c97d818,cabinet-office,1/1/2012,0,https://www.gov.uk/government/uploads/system/uploads/attachment_data/file/85814/Transparency-data-Jan-2012.csv,,,b3f02541171d466e97ef94660adca594,2015-05-18T20:03:37.023824+00:00,http://goodtables.okfnlabs.org
166aa5b7223a4b518d5f9add04064a98,da269032-aa9f-4c71-a0eb-51e2a377ea6c,cabinet-office,1/5/2012,0,https://www.gov.uk/government/uploads/system/uploads/attachment_data/file/85822/CO-Transparency-data-May-2012.csv,,,b3f02541171d466e97ef94660adca594,2015-05-18T20:03:37.023824+00:00,http://goodtables.okfnlabs.org
2dde3eecf94944b1b60e191a9162042a,19d6cce5-4110-4351-8171-28587fda746e,cabinet-office,1/3/2014,9,https://www.gov.uk/government/uploads/system/uploads/attachment_data/file/324568/March_2014__25k_Transparency_Data.csv,,,b3f02541171d466e97ef94660adca594,2015-05-18T20:03:37.023824+00:00,http://goodtables.okfnlabs.org
cb0aab8656e6403190190f4519873972,dbabea77-1585-41c0-a371-4c39002105bb,cabinet-office,1/4/2014,8,https://www.gov.uk/government/uploads/system/uploads/attachment_data/file/324569/April_2014__25k_Transparency_Data.csv,,,b3f02541171d466e97ef94660adca594,2015-05-18T20:03:37.023824+00:00,http://goodtables.okfnlabs.org
36b47a4c0626418c9b15a6f7a01ecb36,cbcc09ce-2796-43f1-935a-8d6b3b562ea6,cabinet-office,1/5/2014,9,https://www.gov.uk/government/uploads/system/uploads/attachment_data/file/381024/May_2014_spend_of__25K_and_above.csv,,,b3f02541171d466e97ef94660adca594,2015-05-18T20:03:37.023824+00:00,http://goodtables.okfnlabs.org
13f801d447c647d2af9dccb72e3444ea,3e33b8b3-d661-4815-ac6c-d98273ef9aae,cabinet-office,1/6/2014,9,https://www.gov.uk/government/uploads/system/uploads/attachment_data/file/381025/June_2014_spend_of_25K_and_above.csv,,,b3f02541171d466e97ef94660adca594,2015-05-18T20:03:37.023824+00:00,http://goodtables.okfnlabs.org
83de032846aa4b8da681961c656c24ac,97c292c0-ca13-43d7-bb12-fd7a46276f7d,cabinet-office,1/7/2014,9,https://www.gov.uk/government/uploads/system/uploads/attachment_data/file/381673/July_2014_spend_of_25K_and_above.csv,,,b3f02541171d466e97ef94660adca594,2015-05-18T20:03:37.023824+00:00,http://goodtables.okfnlabs.org
8bbc10668ca14782a1d1ee334308e5a9,98c51d6e-341a-4ce2-b5b0-67bc6d4b336f,cabinet-office,,9,https://www.gov.uk/government/uploads/system/uploads/attachment_data/file/85776/gpc-transaction-data-april-june-2011.csv,,,b3f02541171d466e97ef94660adca594,2015-05-18T20:03:37.023824+00:00,http://goodtables.okfnlabs.org
2b7cc8eb3909460ab18333b1c7ccaabe,12af7c8a-3f5b-4009-bf73-fa6a4d8b88e1,cabinet-office,,9,https://www.gov.uk/government/uploads/system/uploads/attachment_data/file/85781/GPCTransparencyData-November2011.csv,,,b3f02541171d466e97ef94660adca594,2015-05-18T20:03:37.023824+00:00,http://goodtables.okfnlabs.org
263cf38ae3a84d2d889362a96fab19a7,819e2d77-a47e-42c0-8641-c67488a2b210,cabinet-office,,9,https://www.gov.uk/government/uploads/system/uploads/attachment_data/file/85782/GPCTransparencyData-December2011.csv,,,b3f02541171d466e97ef94660adca594,2015-05-18T20:03:37.023824+00:00,http://goodtables.okfnlabs.org
20146196e0694171aef2d2cf7ba38090,5b0d66a5-14b0-4437-9f58-9de4a7ebbe7d,cabinet-office,,9,https://www.gov.uk/government/uploads/system/uploads/attachment_data/file/85783/GPC-Transparency-Data-Jan-2012.csv,,,b3f02541171d466e97ef94660adca594,2015-05-18T20:03:37.023824+00:00,http://goodtables.okfnlabs.org
3bd3dcba6cd14f08920a2f77e3b7c8f1,54d45537-b553-4ecf-b1b4-70f61d9a15eb,cabinet-office,,6,https://www.gov.uk/government/uploads/system/uploads/attachment_data/file/85784/CO-February-2012-GPC-expenditure-over-500.csv,,,b3f02541171d466e97ef94660adca594,2015-05-18T20:03:37.023824+00:00,http://goodtables.okfnlabs.org
37505fadc838427c967c94782b2eee7e,f4e816d2-612f-46f2-9992-c9eefbc33b70,cabinet-office,,3,https://www.gov.uk/government/uploads/system/uploads/attachment_data/file/85785/CO-March-2012-GPC-expenditure-over-500.csv,,,b3f02541171d466e97ef94660adca594,2015-05-18T20:03:37.023824+00:00,http://goodtables.okfnlabs.org
b64156bc72044c3e883e3b5995856414,ef4fe3dd-f716-4a7e-bfac-72722d0d372d,cabinet-office,,9,https://www.gov.uk/government/uploads/system/uploads/attachment_data/file/85786/GPC-Transparency-Data-April_2012.csv,,,b3f02541171d466e97ef94660adca594,2015-05-18T20:03:37.023824+00:00,http://goodtables.okfnlabs.org
4223d8e3c48340bd845e05c70e61b634,c69f9736-1485-4cfe-a3e0-9cfdfe870e46,cabinet-office,,0,https://www.gov.uk/government/uploads/system/uploads/attachment_data/file/85787/GPC-Transparency-Data-May-2012.csv,,,b3f02541171d466e97ef94660adca594,2015-05-18T20:03:37.023824+00:00,http://goodtables.okfnlabs.org
8cf94b191bc9416596906014d5319aed,a0ac4379-0871-41bf-9b7d-b41234933f05,cabinet-office,,9,https://www.gov.uk/government/uploads/system/uploads/attachment_data/file/85788/GPC_Transparency_Data-June-2012.csv,,,b3f02541171d466e97ef94660adca594,2015-05-18T20:03:37.023824+00:00,http://goodtables.okfnlabs.org
02ba2e47d67c48d48614d42c52b35b14,e5415640-5508-4432-99cf-c3313c6bb3df,cabinet-office,,9,https://www.gov.uk/government/uploads/system/uploads/attachment_data/file/85789/GPC_Transparency_Data-July-2012.csv,,,b3f02541171d466e97ef94660adca594,2015-05-18T20:03:37.023824+00:00,http://goodtables.okfnlabs.org
68fe39365bf947c8ae479c1e8ee21f45,d968b68c-7178-428b-aaa8-4fdb1dcd8c5d,cabinet-office,,9,https://www.gov.uk/government/uploads/system/uploads/attachment_data/file/85790/GPC_Transparency_Data-August-2012.csv,,,b3f02541171d466e97ef94660adca594,2015-05-18T20:03:37.023824+00:00,http://goodtables.okfnlabs.org
2de5acceef924c319e63cd6817ba99f3,b9bdafcf-de13-46f6-9d04-3ef40b5d7d43,cabinet-office,,9,https://www.gov.uk/government/uploads/system/uploads/attachment_data/file/85791/GPC_Transparency_Data-September-2012.csv,,,b3f02541171d466e97ef94660adca594,2015-05-18T20:03:37.023824+00:00,http://goodtables.okfnlabs.org
a98df25682164e638f4deeec82b58ae7,89909f0a-9a75-4e16-96cf-103138f2d885,cabinet-office,,0,https://www.gov.uk/government/uploads/system/uploads/attachment_data/file/136107/October_2012_GPC_Transparency_Data.csv,,,b3f02541171d466e97ef94660adca594,2015-05-18T20:03:37.023824+00:00,http://goodtables.okfnlabs.org
3c16c4d155bd499f92250ff231cf6092,fae16d05-acc0-4de7-9398-219d523e60c5,cabinet-office,,9,https://www.gov.uk/government/uploads/system/uploads/attachment_data/file/136108/November_2012_GPC_Transparency_Data.csv,,,b3f02541171d466e97ef94660adca594,2015-05-18T20:03:37.023824+00:00,http://goodtables.okfnlabs.org
d3c907d221c3470dafc1bb4b02780ed6,caaf6631-7ecf-464f-a1ce-5436f123caa3,cabinet-office,,4,https://www.gov.uk/government/uploads/system/uploads/attachment_data/file/136109/December_2012_GPC_Transparency_Data.csv,,,b3f02541171d466e97ef94660adca594,2015-05-18T20:03:37.023824+00:00,http://goodtables.okfnlabs.org
4455dceb91e641b6ae50389e9ec64668,de023b34-b229-4392-9aec-93cbd424da31,cabinet-office,,1,https://www.gov.uk/government/uploads/system/uploads/attachment_data/file/136110/January_2013_GPC_Transparency_Data.csv,,,b3f02541171d466e97ef94660adca594,2015-05-18T20:03:37.023824+00:00,http://goodtables.okfnlabs.org
0f55d1ecec764b24a8c4b6e179574e3b,fc64ad0e-7bf5-4ba5-85a5-db10b4fa585a,cabinet-office,,0,https://www.gov.uk/government/uploads/system/uploads/attachment_data/file/198073/GPC_transparency_data_Feb-2013.csv,,,b3f02541171d466e97ef94660adca594,2015-05-18T20:03:37.023824+00:00,http://goodtables.okfnlabs.org
ccfdf6d4152e40249dc41a94de00ccb2,e8093372-57ef-4551-ad4a-888b0ae5252f,cabinet-office,,0,https://www.gov.uk/government/uploads/system/uploads/attachment_data/file/198068/March_2013__25k_transparency_data.csv,,,b3f02541171d466e97ef94660adca594,2015-05-18T20:03:37.023824+00:00,http://goodtables.okfnlabs.org
3468863a948b408fbee4b7b67035bad6,48087578-eb8d-49f5-a8c3-52a78a435904,cabinet-office,,0,https://www.gov.uk/government/uploads/system/uploads/attachment_data/file/210981/GPC-Transparency-Data-April-2013.csv,,,b3f02541171d466e97ef94660adca594,2015-05-18T20:03:37.023824+00:00,http://goodtables.okfnlabs.org
bdc82d27a88540388d641235c5617e5c,24590bce-f0b8-4899-8ff5-66f2c861cf7e,cabinet-office,,0,https://www.gov.uk/government/uploads/system/uploads/attachment_data/file/210982/May-2013-GPC-Transparency-Data.csv,,,b3f02541171d466e97ef94660adca594,2015-05-18T20:03:37.023824+00:00,http://goodtables.okfnlabs.org
820d617ee3bf4bd980d53da75fd8c50f,46b3b3a4-443b-4f05-aeff-425a647580ad,cabinet-office,,4,https://www.gov.uk/government/uploads/system/uploads/attachment_data/file/226002/June_2013_GPC_Transparency_Data.csv,,,b3f02541171d466e97ef94660adca594,2015-05-18T20:03:37.023824+00:00,http://goodtables.okfnlabs.org
bb8c054cf2d340648635ee79f3e69192,c81a8f5b-dfe0-461c-b6ad-b15ccb561f4d,cabinet-office,,4,https://www.gov.uk/government/uploads/system/uploads/attachment_data/file/252886/July_2013_GPC_Transparency_Data.csv,,,b3f02541171d466e97ef94660adca594,2015-05-18T20:03:37.023824+00:00,http://goodtables.okfnlabs.org
5af6bcb18ed4472fb39d604e626f73d0,4bcc6248-7d9a-49d8-8eda-1d5eaf56ae3f,cabinet-office,,8,https://www.gov.uk/government/uploads/system/uploads/attachment_data/file/263520/August_GPC_Transparency_Data.csv,,,b3f02541171d466e97ef94660adca594,2015-05-18T20:03:37.023824+00:00,http://goodtables.okfnlabs.org
59266e5bb3254072857f1c9a8b57c42e,7b5eb9de-8781-4ca9-970d-e82b39e5e47c,cabinet-office,,9,https://www.gov.uk/government/uploads/system/uploads/attachment_data/file/269101/September-2013-GPC-Transparency-Data.csv,,,b3f02541171d466e97ef94660adca594,2015-05-18T20:03:37.023824+00:00,http://goodtables.okfnlabs.org
48fa33a860c24740b0aadac0edf306dd,cfffd80d-747f-4850-bfd0-0780169eba56,cabinet-office,,7,https://www.gov.uk/government/uploads/system/uploads/attachment_data/file/299480/December_2013_GPC_Transparency_Data.csv,,,b3f02541171d466e97ef94660adca594,2015-05-18T20:03:37.023824+00:00,http://goodtables.okfnlabs.org
6c41d39b9b274b62b7b367eacb6352cf,821f5006-e42a-480c-b011-acf0293fabea,cabinet-office,,9,https://www.gov.uk/government/uploads/system/uploads/attachment_data/file/307654/January_2014_GPC_transparency_data.csv,,,b3f02541171d466e97ef94660adca594,2015-05-18T20:03:37.023824+00:00,http://goodtables.okfnlabs.org
a7d7b0a2fe3e4b7a91dac760e745151f,a1c3fb72-7fad-4287-8350-3c026f3deb56,cabinet-office,,9,https://www.gov.uk/government/uploads/system/uploads/attachment_data/file/307657/February_2014_GPC_transparency_data.csv,,,b3f02541171d466e97ef94660adca594,2015-05-18T20:03:37.023824+00:00,http://goodtables.okfnlabs.org
a1dca7a42bb8438bb7429fd1b7b53667,2e1164e5-3c9f-42fa-aed9-001c9e5f21e2,cabinet-office,,9,https://www.gov.uk/government/uploads/system/uploads/attachment_data/file/324570/March_2014_GPC_Transparency_Data.csv,,,b3f02541171d466e97ef94660adca594,2015-05-18T20:03:37.023824+00:00,http://goodtables.okfnlabs.org
3d8416d038744718a8074fa86e77cbd8,6bdab660-37da-4921-897d-7c9f44d38fce,cabinet-office,,9,https://www.gov.uk/government/uploads/system/uploads/attachment_data/file/324571/April_2014_GPC_Transparency_Data.csv,,,b3f02541171d466e97ef94660adca594,2015-05-18T20:03:37.023824+00:00,http://goodtables.okfnlabs.org
e9ba8acac83f4d97af240b8ae0b6aa3f,a926fc43-6c9f-4176-8d8b-5b1ddc526101,cabinet-office,,9,https://www.gov.uk/government/uploads/system/uploads/attachment_data/file/381001/May_2014_GPC_spend_of__500_or_above.csv,,,b3f02541171d466e97ef94660adca594,2015-05-18T20:03:37.023824+00:00,http://goodtables.okfnlabs.org
bf4b06731fd142b5965e7f803a543d48,0755f67e-9adf-4cf9-9c30-34bcfdfa1ee8,cabinet-office,,9,https://www.gov.uk/government/uploads/system/uploads/attachment_data/file/381003/June_2014_GPC_spend_of__500_and_above.csv,,,b3f02541171d466e97ef94660adca594,2015-05-18T20:03:37.023824+00:00,http://goodtables.okfnlabs.org
ceaae7d9a9f547318c49271a8ce0db91,b787d89c-a57b-41e6-97ce-bda4e2105130,cabinet-office,,9,https://www.gov.uk/government/uploads/system/uploads/attachment_data/file/381004/July_2014_GPC_spend_of__500_and_above.csv,,,b3f02541171d466e97ef94660adca594,2015-05-18T20:03:37.023824+00:00,http://goodtables.okfnlabs.org
18c155085f0b4c58855feb9a48a8daae,a6f316f0-878c-4489-942d-5aa456931f97,department-for-business-innovation-and-skills,,2,http://webarchive.nationalarchives.gov.uk/+/http://www.bis.gov.uk/assets/biscore/data/spending-data-oct-2010.csv,,,b3f02541171d466e97ef94660adca594,2015-05-18T20:03:37.023824+00:00,http://goodtables.okfnlabs.org
ff91d210f5da476aa59f06eed4ed4588,be535790-f6b1-4f07-82a9-57886ff15a55,department-for-business-innovation-and-skills,,0,http://webarchive.nationalarchives.gov.uk/+/http://www.bis.gov.uk/assets/biscore/data/spending-data-nov-2010.csv,,,b3f02541171d466e97ef94660adca594,2015-05-18T20:03:37.023824+00:00,http://goodtables.okfnlabs.org
3242950a11fa414dab4b03d5eec74b66,d9c6f3dc-b1bc-4d68-bd1a-8bc8f966d215,department-for-business-innovation-and-skills,,7,http://webarchive.nationalarchives.gov.uk/+/http://www.bis.gov.uk/assets/biscore/data/spending-data-dec-2010.csv,,,b3f02541171d466e97ef94660adca594,2015-05-18T20:03:37.023824+00:00,http://goodtables.okfnlabs.org
f6187b0a2853454294dcff037fe3d31a,a9222801-59c0-4a7f-a634-8a7e4bc3ff32,department-for-business-innovation-and-skills,,9,http://webarchive.nationalarchives.gov.uk/+/http://www.bis.gov.uk/assets/biscore/data/gpc-spend-data-apr-jun-2011.csv,,,b3f02541171d466e97ef94660adca594,2015-05-18T20:03:37.023824+00:00,http://goodtables.okfnlabs.org
85fe9be182c144c5ad305cd946e53045,9eae076b-8816-4b71-bca1-4ea4a40139bc,department-for-business-innovation-and-skills,,9,http://webarchive.nationalarchives.gov.uk/+/http://www.bis.gov.uk/assets/biscore/data/gpc-spend-data-jul-sep-2011.csv,,,b3f02541171d466e97ef94660adca594,2015-05-18T20:03:37.023824+00:00,http://goodtables.okfnlabs.org
6ba26f3f03c44df99de9f5e449a155d1,ff5c3479-9349-4e90-890f-558e736986e1,department-for-business-innovation-and-skills,,9,http://webarchive.nationalarchives.gov.uk/+/http://www.bis.gov.uk/assets/biscore/data/gpc-spend-data-oct-dec-2011.csv,,,b3f02541171d466e97ef94660adca594,2015-05-18T20:03:37.023824+00:00,http://goodtables.okfnlabs.org
6019083b37344624b6c7aee1b4629c75,e4120d68-f61f-4eb3-a7f7-d251290979d8,department-for-business-innovation-and-skills,,3,http://webarchive.nationalarchives.gov.uk/+/http://www.bis.gov.uk/assets/biscore/data/gpc-spend-data-jan-mar-2012.csv,,,b3f02541171d466e97ef94660adca594,2015-05-18T20:03:37.023824+00:00,http://goodtables.okfnlabs.org
8be7e8512bf74ad691e48de168f283a7,5431b591-8695-4163-9c19-5b54d4437b56,department-for-business-innovation-and-skills,,9,http://webarchive.nationalarchives.gov.uk/+/http://www.bis.gov.uk/assets/biscore/data/gpc-spend-data-apr-jun-2012.csv,,,b3f02541171d466e97ef94660adca594,2015-05-18T20:03:37.023824+00:00,http://goodtables.okfnlabs.org
68510d67ba294bb49a967c4c7820710a,b37175fa-916f-4c8e-aa3b-582246c8b20b,department-for-business-innovation-and-skills,,9,http://webarchive.nationalarchives.gov.uk/+/http://www.bis.gov.uk/assets/biscore/data/gpc-spend-data-jul-2012.csv,,,b3f02541171d466e97ef94660adca594,2015-05-18T20:03:37.023824+00:00,http://goodtables.okfnlabs.org
9aed2ae5153748c4a61230a1ec74c006,12f2fe74-7f71-4a39-a6e1-5cc3490fc624,department-for-business-innovation-and-skills,,9,http://webarchive.nationalarchives.gov.uk/+/http://www.bis.gov.uk/assets/biscore/data/gpc-spend-data-aug-2012.csv,,,b3f02541171d466e97ef94660adca594,2015-05-18T20:03:37.023824+00:00,http://goodtables.okfnlabs.org
546b439825e046d98acc4edf2bc952b0,34dc27a8-b05f-4480-bd1a-7cfecf214c03,department-for-business-innovation-and-skills,,9,https://www.gov.uk/government/uploads/system/uploads/attachment_data/file/137842/BIS_government_procurement_card_spend_over__500_for_December_2012.csv,,,b3f02541171d466e97ef94660adca594,2015-05-18T20:03:37.023824+00:00,http://goodtables.okfnlabs.org
8db428a8eff94e3499dada9e30a24871,269a7c3b-9c4a-4a0f-b2cd-94338d282e7c,department-for-business-innovation-and-skills,,9,https://www.gov.uk/government/uploads/system/uploads/attachment_data/file/194153/JANUARY_2013__500_GPC.csv,,,b3f02541171d466e97ef94660adca594,2015-05-18T20:03:37.023824+00:00,http://goodtables.okfnlabs.org
508b45858221460ab1573d9185b208eb,54a0787e-4e24-430b-bb55-39e495e25cd7,department-for-business-innovation-and-skills,,9,https://www.gov.uk/government/uploads/system/uploads/attachment_data/file/198723/BIS_government_procurement_card_spend_over__500_for_February_2013.csv,,,b3f02541171d466e97ef94660adca594,2015-05-18T20:03:37.023824+00:00,http://goodtables.okfnlabs.org
d8ea7ba24e4a4c2a8afed8c62ca45719,1d178e6e-8683-427b-b3ad-05b983118809,department-for-business-innovation-and-skills,,0,https://www.gov.uk/government/uploads/system/uploads/attachment_data/file/268577/bis-government-procurement-card-spend-over-500-august-2013.csv,,,b3f02541171d466e97ef94660adca594,2015-05-18T20:03:37.023824+00:00,http://goodtables.okfnlabs.org
6e49632fd03743e9810c934036d2d9f4,31552ddb-68fd-430f-9b03-9caeee6a9c21,department-for-business-innovation-and-skills,,9,https://www.gov.uk/government/uploads/system/uploads/attachment_data/file/308059/GPC_September_2013.csv,,,b3f02541171d466e97ef94660adca594,2015-05-18T20:03:37.023824+00:00,http://goodtables.okfnlabs.org
6453048f476f448989459775b55c75e3,e6e93dfb-a498-483a-a45d-12213ae1e0ba,department-for-business-innovation-and-skills,,9,https://www.gov.uk/government/uploads/system/uploads/attachment_data/file/308060/GPC_October_2013.csv,,,b3f02541171d466e97ef94660adca594,2015-05-18T20:03:37.023824+00:00,http://goodtables.okfnlabs.org
3697b386c3ea40d19f3a3f944348f633,9875792c-5e29-4375-9630-4b369cf75641,department-for-business-innovation-and-skills,,9,https://www.gov.uk/government/uploads/system/uploads/attachment_data/file/308061/GPC_November_2013.csv,,,b3f02541171d466e97ef94660adca594,2015-05-18T20:03:37.023824+00:00,http://goodtables.okfnlabs.org
086ed6d403a74d43ac370e4f3acede64,ff4a7df0-cf48-4e7b-ab87-5cd36b5d0aa9,department-for-business-innovation-and-skills,,9,https://www.gov.uk/government/uploads/system/uploads/attachment_data/file/308064/GPC_December_2013.csv,,,b3f02541171d466e97ef94660adca594,2015-05-18T20:03:37.023824+00:00,http://goodtables.okfnlabs.org
6cb9237d9f7941d6a79f8de3083427a5,2cab8c19-0c6e-41fb-a13f-c09d28679679,department-for-business-innovation-and-skills,,9,https://www.gov.uk/government/uploads/system/uploads/attachment_data/file/321708/GPC_JANUARY_2014.csv,,,b3f02541171d466e97ef94660adca594,2015-05-18T20:03:37.023824+00:00,http://goodtables.okfnlabs.org
3c987334c6e6471880fd9780cf4d5881,2094a2d3-bf18-455f-8f22-243848e9606b,department-for-business-innovation-and-skills,,9,https://www.gov.uk/government/uploads/system/uploads/attachment_data/file/328473/February_2014__500_GPC.csv,,,b3f02541171d466e97ef94660adca594,2015-05-18T20:03:37.023824+00:00,http://goodtables.okfnlabs.org
7ff1c2239ddf4b8d84b17aa41a0ce32b,bc95377a-02a5-495f-9dcd-7a6d633f4447,department-for-business-innovation-and-skills,,9,https://www.gov.uk/government/uploads/system/uploads/attachment_data/file/328597/March_2014__500_GPC.csv,,,b3f02541171d466e97ef94660adca594,2015-05-18T20:03:37.023824+00:00,http://goodtables.okfnlabs.org
40a0c37c0c1e442abba8c9bdd753c6af,e3399be2-db91-4110-a23b-d9c3912f99b8,department-for-business-innovation-and-skills,,9,https://www.gov.uk/government/uploads/system/uploads/attachment_data/file/350449/GPC-APRIL-2014-over-500.csv,,,b3f02541171d466e97ef94660adca594,2015-05-18T20:03:37.023824+00:00,http://goodtables.okfnlabs.org
227265e33dba48c283f0010f254cd500,f5403d20-c517-4571-bb14-6736704947e0,department-for-business-innovation-and-skills,,9,https://www.gov.uk/government/uploads/system/uploads/attachment_data/file/353925/GPC-MAY-2014-_500.csv,,,b3f02541171d466e97ef94660adca594,2015-05-18T20:03:37.023824+00:00,http://goodtables.okfnlabs.org
6424b32801804af8ae3e14d47b380365,06d84199-fd35-4aef-84d0-c9be89d9439f,department-for-business-innovation-and-skills,,0,https://www.gov.uk/government/uploads/system/uploads/attachment_data/file/380477/gpc-june-2014.csv,,,b3f02541171d466e97ef94660adca594,2015-05-18T20:03:37.023824+00:00,http://goodtables.okfnlabs.org
778cb02676244791afed8c0a1b0fabca,ad2b1608-1cc5-43e9-85a5-a2edaa9922a0,department-for-business-innovation-and-skills,,0,https://www.gov.uk/government/uploads/system/uploads/attachment_data/file/380489/gpc-july-2014.csv,,,b3f02541171d466e97ef94660adca594,2015-05-18T20:03:37.023824+00:00,http://goodtables.okfnlabs.org
0d1895a5d15c4fe08dd58affd038e55b,160a3687-d2d0-4941-9971-16d64e68bec9,department-for-business-innovation-and-skills,,0,https://www.gov.uk/government/uploads/system/uploads/attachment_data/file/393544/BIS_government_procurement_card_spending_over__500_for_August_2014.csv,,,b3f02541171d466e97ef94660adca594,2015-05-18T20:03:37.023824+00:00,http://goodtables.okfnlabs.org
7efc3d608e7b423fa6d20bc4e26a31b8,840f142e-fb8a-4177-bf1f-87f6e6c857bf,department-for-business-innovation-and-skills,,2,https://www.gov.uk/government/uploads/system/uploads/attachment_data/file/405502/BIS_spending_over__500_on_a_GPC_for_September_2014.csv,,,b3f02541171d466e97ef94660adca594,2015-05-18T20:03:37.023824+00:00,http://goodtables.okfnlabs.org
5dbd0128220a4392ab1c85c74b0641a5,02b1034c-a0bc-4d00-82b4-807c3ea88184,department-for-business-innovation-and-skills,,9,https://www.gov.uk/government/uploads/system/uploads/attachment_data/file/405505/BIS_spending_over__500_on_a_GPC_for_October_2014.csv,,,b3f02541171d466e97ef94660adca594,2015-05-18T20:03:37.023824+00:00,http://goodtables.okfnlabs.org
92bddf8ef07c41389e3c55870b388b9c,4218683e-ecfd-4896-b7d6-ede956767434,department-for-business-innovation-and-skills,,9,https://www.gov.uk/government/uploads/system/uploads/attachment_data/file/426603/BIS_spending_over__500_on_a_GPC_for_November_2014.csv,,,b3f02541171d466e97ef94660adca594,2015-05-18T20:03:37.023824+00:00,http://goodtables.okfnlabs.org
c99f6a303e514a81badef0f88b32f226,78af61d5-cab5-49e8-93d7-537b03b5bc20,department-for-business-innovation-and-skills,,9,https://www.gov.uk/government/uploads/system/uploads/attachment_data/file/426607/BIS_spending_over__500_on_a_GPC_for_December_2014.csv,,,b3f02541171d466e97ef94660adca594,2015-05-18T20:03:37.023824+00:00,http://goodtables.okfnlabs.org
c4c672edad19449e8ecc381b65f179e9,74c24a27-efcc-44e0-8e57-e51e840ca4a1,department-for-business-innovation-and-skills,,9,http://webarchive.nationalarchives.gov.uk/+/http://www.bis.gov.uk/assets/biscore/data/ukti-gpc-spend-apr-jun-2011.csv,,,b3f02541171d466e97ef94660adca594,2015-05-18T20:03:37.023824+00:00,http://goodtables.okfnlabs.org
9947536c87ef4f8eb23ad7192e2a1252,7f26d0b4-3d6c-493b-9646-dee91aad8662,department-for-business-innovation-and-skills,,0,http://webarchive.nationalarchives.gov.uk/+/http://www.bis.gov.uk/assets/biscore/data/ukti-gpc-spend-jul-sep-2011.csv,,,b3f02541171d466e97ef94660adca594,2015-05-18T20:03:37.023824+00:00,http://goodtables.okfnlabs.org
2ec176332fe041babdae2bb82f811848,d4276d66-adfd-4f57-bb2d-9b16072cd24f,department-for-business-innovation-and-skills,,9,http://webarchive.nationalarchives.gov.uk/+/http://www.bis.gov.uk/assets/biscore/data/ukti-gpc-spend-oct-dec-2011.csv,,,b3f02541171d466e97ef94660adca594,2015-05-18T20:03:37.023824+00:00,http://goodtables.okfnlabs.org
9e392132eeb3411781a038f52bc36cac,426d13cc-24ef-4c80-9ebb-93bdd2955708,department-for-business-innovation-and-skills,,5,http://webarchive.nationalarchives.gov.uk/+/http://www.bis.gov.uk/assets/biscore/data/ukti-gpc-spend-jan-mar-2012.csv,,,b3f02541171d466e97ef94660adca594,2015-05-18T20:03:37.023824+00:00,http://goodtables.okfnlabs.org
de75df48bcdb447898437c1ade7e1b80,ad5e242d-7151-419a-a75f-dc6033720437,cabinet-office,,8,https://www.gov.uk/government/uploads/system/uploads/attachment_data/file/60502/overseas-travel-2009-10.csv,,,b3f02541171d466e97ef94660adca594,2015-05-18T20:03:37.023824+00:00,http://goodtables.okfnlabs.org
5190fd85f27941bfba4c75608fb4e8d0,f96696ce-bd90-41b9-b94c-9a2906b2cc51,department-for-business-innovation-and-skills,,0,http://webarchive.nationalarchives.gov.uk/+/http://www.bis.gov.uk/assets/biscore/regional/docs/g/10-p76a-data-2-gbi-table-2-jan-march-2010.csv,,,b3f02541171d466e97ef94660adca594,2015-05-18T20:03:37.023824+00:00,http://goodtables.okfnlabs.org
cd4042ba0cf5466fb8568d27df5cdd3b,8564626d-9f7b-45a6-98fb-0324d41d40d7,department-for-business-innovation-and-skills,,0,http://webarchive.nationalarchives.gov.uk/+/http://www.bis.gov.uk/assets/biscore/regional/docs/g/10-p76b-data-2-gbi-table-2-april-june-2010.csv,,,b3f02541171d466e97ef94660adca594,2015-05-18T20:03:37.023824+00:00,http://goodtables.okfnlabs.org
bb4fe40ae3c8405cb4ce18b6bdb16bcd,e3ebafff-7191-4ac2-989b-30f65e2a9638,department-for-business-innovation-and-skills,,0,http://webarchive.nationalarchives.gov.uk/+/http://www.bis.gov.uk/assets/biscore/regional/docs/g/10-p76c-data-2-gbi-table-2-july-sept-2010.csv,,,b3f02541171d466e97ef94660adca594,2015-05-18T20:03:37.023824+00:00,http://goodtables.okfnlabs.org
880bdd7b4c1b42b8bc72252c18c861a6,e69bb584-654f-4341-a0a7-711753f9b362,department-for-business-innovation-and-skills,,0,http://webarchive.nationalarchives.gov.uk/+/http://www.bis.gov.uk/assets/biscore/economic-development/docs/g/10-p76d-data-2-gbi-table-2-oct-dec-2010.csv,,,b3f02541171d466e97ef94660adca594,2015-05-18T20:03:37.023824+00:00,http://goodtables.okfnlabs.org
c61b4d28cc654f02a45a95b494ef96bd,5501f192-46bf-4aae-b0db-0d74ae352c80,department-for-business-innovation-and-skills,,0,http://webarchive.nationalarchives.gov.uk/+/http://www.bis.gov.uk/assets/biscore/economic-development/docs/g/11-p76a-data-2-gbi-table-2-jan-mar-2011.csv,,,b3f02541171d466e97ef94660adca594,2015-05-18T20:03:37.023824+00:00,http://goodtables.okfnlabs.org
684c4bd7ca3946bea49d1f9d58ed54cc,5268308f-f68b-41a8-8a6f-cd53a482c233,cabinet-office,,8,https://www.gov.uk/government/uploads/system/uploads/attachment_data/file/60502/overseas-travel-2009-10.csv,,,b3f02541171d466e97ef94660adca594,2015-05-18T20:03:37.023824+00:00,http://goodtables.okfnlabs.org

